content;start;title
énergie, agriculture, syl;Exploitation;Exploitation : énergie, agriculture, sylviculture, chasse, pêche, mines, grosse métallurgie
transformation des matièr;Transformation;Transformation : transformation des matières, procédés thermiques, chimiques, physiques ou mécaniques, matières synthétiques et tout machinisme y afférant
fabrication des objets de;Artisanat;Artisanat : fabrication des objets de consommation et machinisme la concernant, enseignement technique
construction, organisatio;Espace;Espace : construction, organisation de l’espace, transports, arts militaires
culture natoufienne;- 14 500 / - 11 500 ans, Levant;- 14 500 / - 11 500 ans, Levant : culture natoufienne
Moyen-Orient;- 14 000 / - 13 500 ans;- 14 000 / - 13 500 ans : Moyen-Orient
Chili;- 13 000 / - 12 500 ans;- 13 000 / - 12 500 ans : Chili
Utilisation des premières;Haute-Égypte et Nubie;Haute-Égypte et Nubie : Utilisation des premières meules pour la fabrication de la farine à partir de graines d'herbes sauvages.
Signe de protoagriculture;Iran;Iran : Signe de protoagriculture et de protoélevage du mouton à Zawi Chemi Shanidar dans le Zagros. Élevage de chèvres à Ganj-i Dareh en Iran.
Cisjordanie;- 11 400;- 11 400 : Cisjordanie
Première et plus ancienne;Japon;Japon : Première et plus ancienne époque de fabrication de la céramique connue dans le monde par les peuples Jomons, autour de 10 500 av. J.-C., retrouvée sur le site de la grotte de Fukui.
civilisation natoufienne;Cisjordanie;Cisjordanie : civilisation natoufienne
Utilisation du plâtre (cu;Proche-Orient;Proche-Orient : Utilisation du plâtre (cuisson entre 100 °C et 200 °C) et de la vaisselle blanche. Technique de la chaux (cuisson entre 750 °C et 850 °C) à Beidha, dans le Néguev. Essai de cuisson de la terre à Mureybet, sans lendemain.
Domestication possible du;- 9000;- 9000 : Domestication possible du mouton en Irak du Nord.
Régression des sanctuaire;Fin de la période;Fin de la période : Régression des sanctuaires pariétaux.
le plâtre est connu. Des ;En Anatolie;En Anatolie : le plâtre est connu. Des enduits de plâtre et chaux étaient utilisés comme support à des fresques de la civilisation de Çatal Hüyük[8].
Prémices de la métallurgi;En Anatolie et Mésopotamie;En Anatolie et Mésopotamie : Prémices de la métallurgie (perles de Plomb et Cuivre).
Diversification des prati;- 8 800 / - 8 700;- 8 800 / - 8 700 : Diversification des pratiques architecturales. Abandon du plan circulaire, remplacé par le plan rectangulaire, susceptible d’extension (Mureybet, Sheikh Hassan). L’usage des sols de chaux, apparu à Beidha, se répand très vite. À Beidha et à Basta (Jordanie), à Çayönü (Taurus) se développent des maisons rectangulaires à étage
Proche-Orient;- 8000 / - 7900;- 8000 / - 7900 : Proche-Orient
récolte systématique des ;- 8000;- 8000 : récolte systématique des graminées en Irak et en Palestine.
Proche-Orient;- 7400 / - 7300;- 7400 / - 7300 : Proche-Orient
Amérique;- 7400 / - 7300;- 7400 / - 7300 : Amérique
Proche-Orient;- 7000 / - 6900;- 7000 / - 6900 : Proche-Orient
Anatolie;- 7000 / - 6900;- 7000 / - 6900 : Anatolie
Samarra;- 6900 / - 6800;- 6900 / - 6800 : Samarra
Premières traces de techn;- 6900 / - 6800;- 6900 / - 6800 : Premières traces de techniques de calcul.
Production possible du pl;- 6600-6300;- 6600-6300 : Production possible du plomb et du cuivre à Çatal Hüyük.
Élevage à Nea Nikomédia d;-6200;-6200 : Élevage à Nea Nikomédia de la chèvre, du mouton, du porc et du bœuf. Poterie à Sesklo et à Nea Nikomédia.
Les lampes à partir de gr;-7000 à -3000;-7000 à -3000 : Les lampes à partir de graisse animale étaient très utilisées par l’homme du Néolithique puis peu à peu, ont été remplacées par la lampe à huile jusqu’à l’invention de la lampe à pétrole en 1853.
les civilisations mésopot;Début de l'utilisation du pétrole;Début de l'utilisation du pétrole : les civilisations mésopotamiennes s’en servaient comme produit pharmaceutique, cosmétique, comme combustible pour les lampes à huile et dès 6000 av. J.-C. pour le calfatage des bateaux[9]. Les Égyptiens employaient de l’asphalte pour la momification.
"Poterie à Chypre;";- 5200;"- 5200 : Poterie à Chypre;"
"cuivre à Hacilar;";- 5400;"- 5400 : cuivre à Hacilar;"
le travail des métaux, fo;Environ -5 000;Environ -5 000 : le travail des métaux, forge.
naissance de Jarmo, fondé;- 5000;"- 5000 : naissance de Jarmo, fondé par des agriculteurs;"
La culture de Varna inven;-4600;"-4600 : La culture de Varna invente l’orfèvrerie. Poterie de Jarmo;"
La pâte à mâcher à base d;-4500;"-4500 : La pâte à mâcher à base de sève de bouleau en Suède[10];"
Le ski[11] Sibérie centra;-4000;"-4000 : Le ski[11] Sibérie centrale, pays baltes. Utilisation par des unités combattantes au XVIe siècle Suède et Finlande en 1539;"
Conservation de la glace ;-4000;-4000 : Conservation de la glace en Mésopotamie. Le gnomon, ancêtre du cadran solaire - premier instrument d’astronomie. La bière. Une tablette sumérienne fait état de la fermentation de pain dans de l’eau. Le pain était fait à l’époque d’orge ou d’épeautre (blé).
Le cuivre a été pratiqué ;-3500;"-3500 : Le cuivre a été pratiqué en Chine;"
Le bronze a été pratiqué ;-3500-3200;"-3500-3200 : Le bronze a été pratiqué à Ur. Civilisation préthinite en Égypte. Culture systématique de la vallée du Nil. Élevage, peut-être de l’âne. Système technique de Mésopotamie analogue à celui de l’Égypte;"
La roue à Sumer en basse ;- 3500;- 3500 : La roue à Sumer en basse Mésopotamie. Objet fondamental dans les transports et dans la création de la civilisation occidentale. Elle est connue très tardivement en Amérique précolombienne et uniquement comme jouet (-1500) et très récemment en Afrique sub-saharienne et en Océanie.
Premières marques de l’éc;- 3 500 ans;"- 3 500 ans : Premières marques de l’écriture;"
Début de l’utilisation de;Anatolie;"Anatolie : Début de l’utilisation de la laine des ovins;"
Apparition le l’écriture ;-3500-2300;"-3500-2300 : Apparition le l’écriture en Égypte. Palette de Narmer;"
Premier témoignage connu ;-3300-3100;-3300-3100 : Premier témoignage connu d'une technique de brasure à Suse sur une pendeloque en or.
Début possible de la dome;- 2800;- 2800 : Début possible de la domestication du cheval en Mésopotamie. Pyramides à degrés de Saqqara en Égypte.
Mines de cuivre du Sinaï ;-2700;"-2700 : Mines de cuivre du Sinaï et de Nubie;"
Pyramides de Meïdoum et d;-2680;"-2680 : Pyramides de Meïdoum et de Dahchour à double pente en Égypte. Début de la voûte de pierre en plein cintre et de la voûte à encorbellement en Égypte. Canalisation et dérivation du Nil à Abousser;"
Le ciment. Les Égyptiens ;-2 600;-2 600 : Le ciment. Les Égyptiens utilisent un mélange de chaux, d’argile, de sable et d’eau. Vers le Ier siècle, les Romains ajoutent de la terre volcanique de Pouzzoles et inventent le ciment qui prend sous l’eau et améliore la prise et le durcissement en y ajoutant de la tuile broyée (tuileau). L’invention du ciment moderne est attribuée à Louis Vicat en 1818 en France. Ce sont les débuts du béton de ciment.
la Mastaba de Ti révèle u;-2560;-2560 : la Mastaba de Ti révèle un outillage agricole et artisanal développé
"extension du bronze;";-2500 à -1 000 ans, France;"-2500 à -1 000 ans, France : extension du bronze;"
domestication du cheval. ;-2500: En Égypte se développe le verre et en Mésopotamie se développe le verre et le bronze. La carte géographique environnementale ou esquisse explicative de la plus ancienne carte géographique connue (époque sumérienne). Asie centrale;-2500: En Égypte se développe le verre et en Mésopotamie se développe le verre et le bronze. La carte géographique environnementale ou esquisse explicative de la plus ancienne carte géographique connue (époque sumérienne). Asie centrale : domestication du cheval. Livre le plus ancien connu: l’histoire de Gilgamesh. Des bases lavantes sont utilisées à Sumer pour le lavage et les maladies de peau. Sud-Est asiatique
Chasse au faucon en Égypt;-2400;"-2400 : Chasse au faucon en Égypte;"
"premier cadastre;";-2300: Telloh dans le désert d’Arabie;"-2300: Telloh dans le désert d’Arabie : premier cadastre;"
Usage courant du bronze e;- 2160;"- 2160 : Usage courant du bronze en Égypte;"
Scènes de pêche et de jar;-2050-2000;"-2050-2000 : Scènes de pêche et de jardinage (tombe de Mekhreté, Égypte). Scènes d’artisanat, filature et tissage (maquettes de la tombe de Mekreté);"
Le char.;-2 000 ans;-2 000 ans : Le char.
les Hittites en Anatolie.;-2000-1800;"-2000-1800 : les Hittites en Anatolie. Aménagement du Fayoum par la création du lac Karoum et de son canal. Civilisation des mégalithes sur le littoral occidental de l’Europe occidentale, dolmens, allées couvertes, menhirs;"
Début de la construction ;- 1970;"- 1970 : Début de la construction du temple de Karnak, transports de pierre sur traineaux;"
Première représentation d;- 1940;- 1940 : Première représentation d’un âne domestique à la nécropole de Beni Hassan.
Premiers palais crétois.;- 1800;- 1800 : Premiers palais crétois.
Tours roulantes dans les ;- 1800-1700;"- 1800-1700 : Tours roulantes dans les sièges de villes;"
Élevage et écriture en Ch;-1760;-1760 : Élevage et écriture en Chine.
Débuts de la fabrication ;-1700-1600;"-1700-1600 : Débuts de la fabrication du verre en Égypte, coloré aux oxydes minéraux;"
Développement de la fabri;- 1550-1500;"- 1550-1500 : Développement de la fabrication du verre en Égypte;"
apparition de la brique é;- 1500;"- 1500 : apparition de la brique émaillée en Égypte;"
Dynastie des Chang;À partir de - 1500;À partir de - 1500 : Dynastie des Chang
mise en place à l’aide de;-1500-1480. Règne de Hatchepsout;"-1500-1480. Règne de Hatchepsout : mise en place à l’aide de leviers et de plans inclinés des obélisques de Karnak. Cadrans solaire en Égypte;"
Âge du bronze en Scandina;-1450-1400;"-1450-1400 : Âge du bronze en Scandinavie;"
Technique de l’apiculture;-1425;"-1425 : Technique de l’apiculture en Égypte;"
Araire manche sep attelé ;-1415;"-1415 : Araire manche sep attelé à deux bœufs jougués en Égypte. Irrigation en Égypte;"
Début de la construction ;-1400;-1400 : Début de la construction du temple de Louxor. Clepsydre en Égypte. Âge du bronze en Chine.
"Trésor de Toutânkhamon;";- 1354-1346;"- 1354-1346 : Trésor de Toutânkhamon;"
Début de l’usage des teno;- 1314-1200;- 1314-1200 : Début de l’usage des tenons en queue d'aronde au temple d’Abydos.
Développement de la métal;- 1200;"- 1200 : Développement de la métallurgie du fer en Grèce et dans le bassin oriental de la Méditerranée;"
Apparition de la civilisa;- 1200-1100;"- 1200-1100 : Apparition de la civilisation des champs d'urnes en Europe centrale. Ziqqurat d’Ur;"
Usage courant du bronze e;- 1160;- 1160 : Usage courant du bronze en Égypte.
Nécropoles de Tanis et de;Entre - 1060 et -950;"Entre - 1060 et -950 : Nécropoles de Tanis et de Deir el-Bahari;"
Le cheval apparaît en Grè;Vers - 1000;Vers - 1000 : Le cheval apparaît en Grèce.
Début de la construction ;- 1000;"- 1000 : Début de la construction de l’Heraion d’Olympie, en bois. Utilisation du savon en Syrie. Le mot savo est utilisé pour la première fois par Pline l'Ancien pour caractériser un shampoing décolorant utilisé par les Gaulois;"
La civilisation illyrienn;Entre - 950-500;Entre - 950-500 : La civilisation illyrienne d’Hallstatt s’impose à l’Europe
Premières colonies grecqu;Vers - 900;"Vers - 900 : Premières colonies grecques d’Asie Mineure;"
Premier âge du fer en Étr;-860;"-860 : Premier âge du fer en Étrurie. Civilisation villanovienne de Toscane et du Latium;"
Cadran solaire. Domestica;- 800 ans;- 800 ans : Cadran solaire. Domestication du chameau.
"Bronze nordique ;";Entre - 800 et - 600;"Entre - 800 et - 600 : Bronze nordique ;"
"Début des olympiades ;";- 776;"- 776 : Début des olympiades ;"
Âge du fer en Chine. Les ;- 770;"- 770 : Âge du fer en Chine. Les Travaux et les jours d’Hésiode ;"
Fondation légendaire de R;-753;"-753 : Fondation légendaire de Rome ;"
Colonies grecques de Sici;Vers - 750;"Vers - 750 : Colonies grecques de Sicile et d’Italie du Sud ;"
Métallurgie du fer en Égy;-712-663;"-712-663 : Métallurgie du fer en Égypte ;"
Acclimatation du coton pa;-700;-700 : Acclimatation du coton par Sennacherib en Assyrie.
Début du monnayage en Asi;Vers –675;"Vers –675 : Début du monnayage en Asie Mineure;"
Premières monnaies grecqu;Vers –650;"Vers –650 : Premières monnaies grecques. On commence à cette époque en Grèce à substituer la pierre au bois pour la construction des temples;"
Invention mythique d’un g;Vers –650-600;Vers –650-600 : Invention mythique d’un grand nombre d’outils par Dédale et ses imitateurs
Production d’argent à Tha;Vers – 600;"Vers – 600 : Production d’argent à Thasos et à Siphono. Mines du Laurion. Colonies grecques du Pont-Euxin. Fondation de Marseille;"
Thalès de Milet, savant e;-585;"-585 : Thalès de Milet, savant et technicien;"
Rhoicos inventeur supposé;Vers –550;"Vers –550 : Rhoicos inventeur supposé de la fusion du bronze en moule à cire perdue. Apogée de la céramique grecque à figures noires et début de la céramique à figures rouges. Tunnel de Samos par Eupalinos. Aqueduc de Pisistrate à Athènes;"
La fécondation artificiel;-500;"-500 : La fécondation artificielle du dattier en Grèce;"
Premières machines de lev;-530;"-530 : Premières machines de levage. Traité de Chersiphron et de Métagène (Éphèse). Emploi de la pierre pour l’entablement du temple d’Apollon à Corinthe;"
Code impérial de l’État d;-513;"-513 : Code impérial de l’État des T’sin gravé sur une marmite de fer tripode;"
Traité de technique milit;Vers –500;Vers –500 : Traité de technique militaire de Zeng Gong Liang. Première enceinte fortifiée d’Athènes.
Essor des mines du Laurio;Vers –484;"Vers –484 : Essor des mines du Laurion. Progrès du puits vertical;"
Début de la construction ;Vers –479;"Vers –479 : Début de la construction du Pirée;"
invention légendaire de l;Vers –470;"Vers –470 : invention légendaire de la voûte par Démocrite d’Abdère. Travaux du lac Copaïs par Cratès (en) de Chalcis. Reconstruction des murs d’Athènes (mur de Thémistocle);"
Travaux d’urbanisme d’Hip;Entre -470 et –430;Entre -470 et –430 : Travaux d’urbanisme d’Hippodamos de Milet et de ses successeurs (Milet, le Pirée, Rhodes…)
traité de Poliorcétique d;-450;-450 : traité de Poliorcétique d’Énée le Tacticien. Développement du machinisme attribué à Archytas de Tarente
le Parthénon;-447-432;-447-432 : le Parthénon
les Propylées;-437-432;-437-432 : les Propylées
L’Érechthéion;-430-410;-430-410 : L’Érechthéion
Artémon de Clazomène ingé;Vers –425;Vers –425 : Artémon de Clazomène ingénieur de Périclès
Si Men po fait creuser do;Vers –424 –387;Vers –424 –387 : Si Men po fait creuser douze canaux le long de la rivière Chang (affluent du Fleuve Jaune)
Hannibal prend Sélinonte ;-409;-409 : Hannibal prend Sélinonte avec un important parc de machines de guerre.
l’armée de Darius franchi;-407;-407 : l’armée de Darius franchit le Bosphore sur le pont construit par Mandroklès de Samos
Denys Ier tyran de Syracu;Entre –405 et –367;Entre –405 et –367 : Denys Ier tyran de Syracuse développe le machinisme de guerre. Apparition de l’artillerie névrobalistique
Platon fonde l’Académie à;-387;-387 : Platon fonde l’Académie à Athènes
renforcement des construc;Vers –350;Vers –350 : renforcement des constructions de pierre par des chaînages et des pièces en T (Delphes)
Philon d'Athènes construi;- 346-328;- 346-328 : Philon d'Athènes construit l’arsenal du Pirée et écrit un traité sur les proportion des temples et un traité de poliorcétique
Polyeidos de Thessalie, i;-340;-340 : Polyeidos de Thessalie, ingénieur de Philippe de Macédoine perfectionne les machines de guerre
Campagne d’Alexandrie aid;Entre – 336 et –330;Entre – 336 et –330 : Campagne d’Alexandrie aidé par les deux ingénieurs Diadès et Charias
Aristote fonde le Lycée à;- 335;- 335 : Aristote fonde le Lycée à Athènes
l'Aqueduc Appia, premier ;- 312;- 312 : l'Aqueduc Appia, premier aqueduc romain
Ptolémée Ier Soter roi d’;-305;-305 : Ptolémée Ier Soter roi d’Égypte fonde le Musée et la Bibliothèque d'Alexandrie
traité d’Agriculture du C;Vers –300;Vers –300 : traité d’Agriculture du Carthaginois Magon. Invention de la selle, du mors et fer à cheval en Asie centrale
le médecin Hérophile, le ;Entre – 300 et –275. Première génération des savants d’Alexandrie;Entre – 300 et –275. Première génération des savants d’Alexandrie : le médecin Hérophile, le physicien Straton de Lampsaque, le géographe Euclide
second échec du percement;Entre –300 et –283;Entre –300 et –283 : second échec du percement de l’Isthme de Corinthe
mécanique appliquée de Ct;Entre – 270 et –250;Entre – 270 et –250 : mécanique appliquée de Ctésibios à Alexandrie
construction du Phare d'A;Vers -283-280;Vers -283-280 : construction du Phare d'Alexandrie par Sostratos de Cnide
début de la construction ;Vers –290;Vers –290 : début de la construction du temple d’Edfou en Égypte
travaux d’Archimède sur l;- 287-212;- 287-212 : travaux d’Archimède sur le levier, sur l’hydrostatique, sur les machines de guerre
la syntaxe mécanique de P;Entre – 250 et –220;Entre – 250 et –220 : la syntaxe mécanique de Philon de Byzance. Pneumatiques, automates, clepsydres, machines de guerre. Apparition des engrenages à roues dentées
les astronomes Aristarque;Entre – 260 et –220. Seconde génération des savants d’Alexandrie;Entre – 260 et –220. Seconde génération des savants d’Alexandrie : les astronomes Aristarque et Conon de Samos. Le géographe Ératosthène, le médecin Érasistrate
Caton l'Ancien. Traité d’;-234-149;-234-149 : Caton l'Ancien. Traité d’économie rurale. Traités d’agriculture des Sarsena père et fils
achèvement de la Grande M;Vers – 217;Vers – 217 : achèvement de la Grande Muraille de Chine
Syntaxe mécanique où Héro;Vers – 150;Vers – 150 : Syntaxe mécanique où Héron d'Alexandrie reprend tous ses devanciers, les affine et les complète. Première arme à lame d’acier (arbalète)
traité d’agriculture de V;- 116-27;- 116-27 : traité d’agriculture de Varron.
Canal de Marius entre Arl;Vers –103;Vers –103 : Canal de Marius entre Arles et Fos
Sur les machines d’Athéné;Vers –50;Vers –50 : Sur les machines d’Athénée le Mécanicien
Moulin à eau dans le pala;-38;-38 : Moulin à eau dans le palais de Mithridate à Cabire dans le Pont
Conquête de la Gaule. Nav;-58-51;-58-51 : Conquête de la Gaule. Navires à simple bordé
Le calendrier julien;-45;-45 : Le calendrier julien
Traité d’agriculture de C;-30;-30 : Traité d’agriculture de Columelle. De Architectura de Vitruve
Utilisation de la coupole;-27;-27 : Utilisation de la coupole au Panthéon
Apparition du verre souff;Vers – 20;Vers – 20 : Apparition du verre soufflé à Rome
percement du canal de Dru;12;12 : percement du canal de Drusus reliant le Rhin à la mer du Nord.
première utilisation en C;85 (?);85 (?) : première utilisation en Chine de la poudre pour des feux d'artifices.
canal de Corbulo entre Rh;Vers 47-48;Vers 47-48 : canal de Corbulo entre Rhin et Meuse.
achèvement de l’aqueduc d;52;52 : achèvement de l’aqueduc dit de Claude à Rome. Œuvre de Pline l'Ancien. Poliorcétiques d'Apollodore de Damas.
traité des aqueducs de Fr;97;97 : traité des aqueducs de Frontin.
aqueducs et égouts.;Voûtes chez les Mayas;Voûtes chez les Mayas : aqueducs et égouts.
séparation de l’Empire d’;395;395 : séparation de l’Empire d’Occident et de l'Empire d’Orient (modification dans la maîtrise de l’espace).
fin de l’Empire d’Occiden;476;476 : fin de l’Empire d’Occident.
le pilier de fer de Delhi;Les premiers alliages de fer résistant à la corrosion furent coulés dès l’Antiquité;Les premiers alliages de fer résistant à la corrosion furent coulés dès l’Antiquité : le pilier de fer de Delhi, érigé sous ordre de Kumarâgupta Ier au Ve siècle.
introduction de l’élevage;Vers 552;Vers 552 : introduction de l’élevage du ver à soie à Constantinople.
premier traité chinois d’;533-546;533-546 : premier traité chinois d’agronomie par Kia Sseu-sie.
construction de Lo-Yang, ;581;581 : construction de Lo-Yang, creusement du grand canal sous les Sui.
prise d’Alexandrie par le;642;642 : prise d’Alexandrie par les Arabes.
débuts de la xylographie ;770;770 : débuts de la xylographie en Chine pour la diffusion des textes bouddhiques.
travaux des premières lev;Entre 814 et 840;Entre 814 et 840 : travaux des premières levées de la Loire.
apparition en Europe de l;Vers 850;Vers 850 : apparition en Europe de l’artillerie à contrepoids (trébuchet).
voile latine triangulaire;Vers 880;Vers 880 : voile latine triangulaire sur les navires de la méditerranée, fractionnement de la voilure et multiplication du nombre de mâts.
Héron de Constantinople.;Compilations militaires et mécaniques de Léon le Sage et Constantin Porphyrogénète;Compilations militaires et mécaniques de Léon le Sage et Constantin Porphyrogénète : Héron de Constantinople.
Abd al-Rahman III sultan ;929;929 : Abd al-Rahman III sultan et calife de Cordoue. Jardins botaniques et d’expérimentation. Littérature technique agricole. Charrue à avant-train généralisée.
Langeais, premier donjon ;994;994 : Langeais, premier donjon de pierre.
culture du riz aquatique ;Vers 1000;"Vers 1000 : culture du riz aquatique en Chine ; usage généralisé de la quenouille à Gdansk puis en Allemagne. Chaîne et trame à fils de torsion identique."
mise au point de la bouss;Vers 1000;Vers 1000 : mise au point de la boussole par les Chinois.
premier comptoir normand ;1029;1029 : premier comptoir normand en Italie du Sud.
roues élévatoires de Tolè;1043;1043 : roues élévatoires de Tolède.
Pi Cheng invente la typog;1041-1048;1041-1048 : Pi Cheng invente la typographie à caractères mobiles.
essor des ateliers de bro;Vers 1050;Vers 1050 : essor des ateliers de bronze à Constantinople.
pagode de fonte de la pro;1061;1061 : pagode de fonte de la province de Hobei.
tapisserie de Bayeux.;1073-1077;1073-1077 : tapisserie de Bayeux.
reconquête de Tolède.;1085;1085 : reconquête de Tolède.
tour horloge de Kaifeng p;1088;1088 : tour horloge de Kaifeng par Su Song.
machine à dévider la soie;Vers 1090;Vers 1090 : machine à dévider la soie en Chine.
début de la première croi;1096;1096 : début de la première croisade. Apparition des châteaux mobiles aux extrémités des navires.
four à masse, à marche co;Vers 1100;Vers 1100 : four à masse, à marche continue, foyer de grès, en puits et soufflerie (Landerthal en Rhénanie). Traité chinois d’architecture de Lie Jie.
le boulier Chine.;Vers 1100;Vers 1100 : le boulier Chine.
collier d’épaule, bricole;Expansion en Europe de l’attelage moderne;Expansion en Europe de l’attelage moderne : collier d’épaule, bricole, dispositif en file.
début de l’empire Inca.;Vers 1100;Vers 1100 : début de l’empire Inca.
premier document sur papi;1102;1102 : premier document sur papier en Sicile.
travaux de régularisation;1103;1103 : travaux de régularisation du cours de l’Elbe par des Hollandais appelés par l’évêque de Brême.
moulins à marée des barre;Vers 1120-1125;Vers 1120-1125 : moulins à marée des barres de l’Adour.
voûtes d’ogives du déambu;Vers 1122;Vers 1122 : voûtes d’ogives du déambulatoire de Morienval.
premier puits artésien co;1126;1126 : premier puits artésien connu en France (collégiale de Lillers).
début de la construction ;1130;1130 : début de la construction de la cathédrale de Sens, l’une des plus anciennes cathédrales gothiques.
le Concile de Latran inte;1139;1139 : le Concile de Latran interdit l’arbalète, jugée trop meurtrière.
reprise de l’industrie si;1140;1140 : reprise de l’industrie sidérurgique dans toute l’Europe occidentale.
début de la croissance dé;Vers 1150;Vers 1150 : début de la croissance démographique. Début des grands deffrichements et de la culture extensive en Europe.
premières digues de la Lo;1160;1160 : premières digues de la Loire vers Saumur. Premières digues contre la mer en Hollande.
production d’acide nitriq;1160;1160 : production d’acide nitrique, seul acide connu du Moyen Âge.
premier moulin à vent en ;1180;1180 : premier moulin à vent en Normandie.
début du pavage des rues ;Vers 1184;Vers 1184 : début du pavage des rues de Paris.
Pont de pierre de Lou Kou;1184-1189;1184-1189 : Pont de pierre de Lou Kou Kiao à onze arches dit de Marco Polo.
premier moulin à fer en S;1192;1192 : premier moulin à fer en Suède.
emploi de la houille dans;1198;1198 : emploi de la houille dans les forges.
navire viking de Dunwich ;1199;1199 : navire viking de Dunwich avec châteaux permanents. Navire de La Rochelle
généralisation de l’emplo;Vers 1200;Vers 1200 : généralisation de l’emploi de la boussole marine en Occident.
album d’agriculture en Ch;Vers 1210;Vers 1210 : album d’agriculture en Chine. Album de tissage en Chine. Première représentation figurée du rouet à main.
première représentation d;Sceau d’Ispwich;Sceau d’Ispwich : première représentation du navire appelé Kog.
traité d’Al Jazari sur le;Vers 1215-1230;Vers 1215-1230 : traité d’Al Jazari sur les automates et les clepsydres.
introduction du rouet à V;Vers 1224;Vers 1224 : introduction du rouet à Venise et en France.
le plus ancien recensemen;1226;1226 : le plus ancien recensement de population conservé à Pistois (Italie).
les Chinois inventent la ;1231;1231 : les Chinois inventent la grenade.
la fusée est utilisée par;1232;1232 : la fusée est utilisée par les chinois contre les Mongols à la bataille de Kaifeng.
sceau d’Elbing avec un na;Vers 1240;Vers 1240 : sceau d’Elbing avec un navire à beaupré et gouvernail d’étambot.
métier à tisser à deux ou;Vers 1250;Vers 1250 : métier à tisser à deux ouvriers en Flandre.
traité d’hippiatrie de Gi;Vers 1250-1254;Vers 1250-1254 : traité d’hippiatrie de Giordano Ruffo.
Aqueduc de Sulmone.;1257;1257 : Aqueduc de Sulmone.
premiers canons chinois.;1259;1259 : premiers canons chinois.
moulin à scier le bois de;Vers 1260;Vers 1260 : moulin à scier le bois de Villard de Honnecourt.
astrolabe de Pierre de Ma;1261;1261 : astrolabe de Pierre de Maricourt.
distillation de l’alcool ;Vers 1261-1267;Vers 1261-1267 : distillation de l’alcool de grains sous les Yuan en Chine.
livre des métiers d’Étien;Vers 1266;Vers 1266 : livre des métiers d’Étienne Boileau.
navires marchands vénitie;1268;1268 : navires marchands vénitiens et génois
compas de navigation de P;1269;1269 : compas de navigation de Pierre de Maricourt.
moulins hydrauliques à re;1272;1272 : moulins hydrauliques à retordre la soie.
phare de Brindisi.;1275;1275 : phare de Brindisi.
première description du t;1284;1284 : première description du turquet (maïs). Arrivée en Occident du sarrasin. Naissance de la charrue tourne-oreille en Belgique (présence du pleyon).
apparition des lunettes p;1285;1285 : apparition des lunettes pour presbytes et hypermétropes.
affaissement du Zuiderzee;1287;1287 : affaissement du Zuiderzee.
la brouette.;1287;1287 : la brouette.
mutations monétaires.;1293;1293 : mutations monétaires.
métiers à quatre marches ;Le Livre des métiers d’Ypres;Le Livre des métiers d’Ypres : métiers à quatre marches et deux ouvriers.
diffusion du dévidoir, du;Vers 1300;Vers 1300 : diffusion du dévidoir, du rouet à canetter, de l’ourdissoir à dents.
pont Valentré à Cahors.;1308;1308 : pont Valentré à Cahors.
traité chinois d’agricult;1313;1313 : traité chinois d’agriculture de Wang Tchen.
famines. Traité d’agricul;1315-1317;1315-1317 : famines. Traité d’agriculture de Pierre de Crescent.
premiers canons en Europe;Vers 1320;Vers 1320 : premiers canons en Europe occidentale. Premières horloges mécaniques à poids.
Première représentation d;1327;1327 : Première représentation d’un canon dans le De officiis regum de Walter de Milmete.
premiers fourneaux à souf;Vers 1311-1323;Vers 1311-1323 : premiers fourneaux à soufflets hydrauliques en sidérurgie.
recueil de machines de gu;1327-1330;1327-1330 : recueil de machines de guerre de Guido da Vigevano.
technique du verre à « la;1330;1330 : technique du verre à « la couronne » en Normandie.
début de la guerre de Cen;1337;1337 : début de la guerre de Cent ans.
diffusion de la technique;1343;1343 : diffusion de la technique du cardage.
ordonnance royale sur l’a;1346;1346 : ordonnance royale sur l’administration des forêts de France. Krach des banques italiennes.
début de la grande peste.;1347;1347 : début de la grande peste. Usage de la boussole dans les mines de Massa.
premières caisses de voit;Vers 1350;Vers 1350 : premières caisses de voiture suspendues.
les automates de la cathé;1351;1351 : les automates de la cathédrale d’Orvieto.
Traité des horloges de Gi;Vers 1352;Vers 1352 : Traité des horloges de Giovanni di Dondi.
Atlas catalan de Charles ;1375;1375 : Atlas catalan de Charles V.
cardage de la trame et de;Vers 1377;Vers 1377 : cardage de la trame et de la chaîne en France.
traité de bergerie de Jea;1379;1379 : traité de bergerie de Jean de Brie.
premier moulin à papier à;Vers 1391;Vers 1391 : premier moulin à papier à Nuremberg.
percement du canal de Ste;1391-1398;"1391-1398 : percement du canal de Stecknitz à l’Elbe (Elbe-Lübeck-Kanal (de)) ; franchissement d’une ligne de partage des eaux."
canal de Niort à l’Océan.;1394;1394 : canal de Niort à l’Océan.
écluses des canaux de Mil;1395;1395 : écluses des canaux de Milanais.
première représentation d;1396;1396 : première représentation d’un char à quatre roues à avant-train mobile.
traité de Chen Ki-Souen s;1398;1398 : traité de Chen Ki-Souen sur l’encre d’imprimerie.
Les Aztèques taillent le ;Amériques;Amériques : Les Aztèques taillent le cristal de roche.
premiers caractères métal;1403;1403 : premiers caractères métalliques d’imprimerie en Corée.
Bellifortis de Konrad Kye;1405;1405 : Bellifortis de Konrad Kyeser.
première représentation d;Vers 1410;Vers 1410 : première représentation du système bielle-manivelle.
premières caravelles port;Vers 1420;Vers 1420 : premières caravelles portugaises (trois voiles latines et misaine rectangulaire).
horloge astronomique de B;1423;1423 : horloge astronomique de Bourges par Jean Fusoris.
manuscrit dit « de la gue;Vers 1430;Vers 1430 : manuscrit dit « de la guerre hussite ». Moulins hydrauliques, machines à forer, à polir, système bielle-manivelle à volant d’inertie.
premiers travaux d’impres;Vers 1434;Vers 1434 : premiers travaux d’impression de Gutenberg à Strasbourg. Caractère mobile d’imprimerie fabriqué en plomb vers 1440.
introduction en Toscane d;Vers 1334;Vers 1334 : introduction en Toscane du mûrier blanc du Levant.
création des polders eu Z;Vers 1435;Vers 1435 : création des polders eu Zuiderzee.
Libro dell'arte de Cennin;Vers 1437;Vers 1437 : Libro dell'arte de Cennino Cellini
exploitation par Jacques ;Vers 1438;Vers 1438 : exploitation par Jacques Cœur des mines du Lyonnais.
construction de la Rocca ;1438-1446;1438-1446 : construction de la Rocca Malestina à Rimini.
début de l’aménagement de;1440;1440 : début de l’aménagement de la côte vénitienne.
aménagement du port de Na;1447;1447 : aménagement du port de Naples.
érection des digues de pr;1449;1449 : érection des digues de protection à Mayence. Traité des machines de Mariano Taccola.
nouveau départ dans la pl;Vers 1450;Vers 1450 : nouveau départ dans la plupart des mines d’Europe centrale avec un machinisme développé.
L’arquebuse à mèche appar;Vers 1450;Vers 1450 : L’arquebuse à mèche apparait
atelier de Gutenberg à Ma;1450;1450 : atelier de Gutenberg à Mayence.
mineurs de Bohême et de H;1452;1452 : mineurs de Bohême et de Hongrie appelés en Angleterre. Les Basques commencent d’exploitation des bancs de morue.
prise de Constantinople p;1453;1453 : prise de Constantinople par les Turcs.
Bellicorum Instrumentorum;Vers 1455;Vers 1455 : Bellicorum Instrumentorum Liber de Jacomo Fontana. Machines diverses.
culture du sarrasin en No;1460;1460 : culture du sarrasin en Normandie puis en Bretagne. De re militari de Roberto Valturio.
Trattato d'Architettura d;1460-1464;1460-1464 : Trattato d'Architettura du Filarète.
François de Surienne réfo;1461;1461 : François de Surienne réforme dans un sens moderne les fortifications de Dijon et de Fougères. Début du développement du réseau routier français.
première imprimerie itali;1464;1464 : première imprimerie italienne à Subiaco.
légumes « améliorés » des;1466;1466 : légumes « améliorés » des jardins italiens
reprise de la régularisat;1468;1468 : reprise de la régularisation du cours de la Loire et d’un certain nombre de ses affluents.
Francesco di Giorgio Mart;1469;1469 : Francesco di Giorgio Martini ingénieur des eaux à Sienne.
Guillaume Fichet installe;1470;1470 : Guillaume Fichet installe l’imprimerie à la Sorbonne. Première représentation en Allemagne d’un rouet à ailettes.
impression de Pierre de C;1471;1471 : impression de Pierre de Crescent. Impression de Végèce.
impression de Roberto Val;1472;1472 : impression de Roberto Valturio. Impression des agronomes latins.
premier haut fourneau à N;1474;1474 : premier haut fourneau à Nassau (?).
traité d’architecture civ;Vers 1475;Vers 1475 : traité d’architecture civile et militaire de Francesco di Giorgio Martini. Passage lent à la fortification moderne. Traité de mécanique de Francesco di Giorgio Martini
William Caxton introduit ;1476;1476 : William Caxton introduit l’imprimerie en Angleterre.
mineurs hongrois et saxon;1484;1484 : mineurs hongrois et saxons en Russie. Perfectionnement du machinisme minier, pompes, treuils à mouvements réversibles, chariots et rails de bois.
percement du tunnel du Vi;1478-1480;1478-1480 : percement du tunnel du Viso entre l’Italie et la France.
impression de Frontin.;1480;1480 : impression de Frontin.
construction d’écluses su;1481;1481 : construction d’écluses sur le Piovego par les Vénitiens.
lettre de Léonard de Vinc;1482;1482 : lettre de Léonard de Vinci à Ludovic Sforza. Premiers dessins.
publication de De re aedi;1485;1485 : publication de De re aedificatoria d’Alberti.
Christophe Colomb atteint;1492;1492 : Christophe Colomb atteint d’Amérique. Prise de Grenade.
premier globe terrestre r;1492, au Portugal;1492, au Portugal : premier globe terrestre réalisé par le Bavarois Martin Behaim. Il mesure 51 cm de diamètre et est recouvert de cuir et de parchemins.
importation de la cannell;1498;1498 : importation de la cannelle en Europe par Vasco de Gama.
Liber des Arte distilland;1500;1500 : Liber des Arte distillandi, traité de distillation de Hier Brunschwygk (Strasbourg).
le parachute, le char d’a;1500;1500 : le parachute, le char d’assaut, le pont mobile inventés par Léonard de Vinci
presse à vis de bois de l;Vers 1500;Vers 1500 : presse à vis de bois de l’imprimeur allemand Mathieu Husz à Lyon. Machines volantes de Léonard de Vinci.
invention du miroir vénit;1503;1503 : invention du miroir vénitien.
Le Bergbüchlein d’Ulrich ;1505;1505 : Le Bergbüchlein d’Ulrich von Kalbe à Augsbourg, sur les filons miniers.
fortifications de Padoue ;1509-1509;1509-1509 : fortifications de Padoue et de Trévise par Giovanni Giocondo.
études de fortification e;Vers 1509-1511;Vers 1509-1511 : études de fortification et de machines de Giuliano da Sangallo.
l’ingénieur Girolamo Bell;1516;1516 : l’ingénieur Girolamo Bellarmati commence la construction du Havre.
importation de la cocheni;1518;1518 : importation de la cochenille du Mexique pour la teinture des étoffes.
voyage de Magellan autour;1519-1522;1519-1522 : voyage de Magellan autour du monde.
hacquebutte à fourchette,;1520;1520 : hacquebutte à fourchette, ancêtre du fusil.
fortification de Rhodes.;1521;1521 : fortification de Rhodes.
traité d’agriculture de l;1523;1523 : traité d’agriculture de l’Anglais Anthony Fitzherbert.
fortifications de Troyes.;1524-1529;1524-1529 : fortifications de Troyes.
construction par Michele ;1527;1527 : construction par Michele Sanmicheli du bastion de la Madeleine à Vérone, premier bastion moderne. Traité de fortifications d’Albrecht Dürer. Première utilisation de la poudre dans les mines de Schemnitz.
aménagement des branches ;1528-1562;1528-1562 : aménagement des branches de la Vistule par des ingénieurs hollandais.
Benvenuto Cellini invente;Vers 1530;Vers 1530 : Benvenuto Cellini invente le balancier monétaire.
La Maison rustique de Cha;1530;1530 : La Maison rustique de Charles Estienne
apport en Europe des végé;À partir de 1530-1540;À partir de 1530-1540 : apport en Europe des végétaux alimentaires d’Amérique, pomme de terre, haricot, tomate… et de quelques animaux (dindon). Envoi en Amérique de plantes de l’ancien continent (canne à sucre, café...) et d’animaux (cheval).
manuscrit des mines de Sa;Vers 1530;Vers 1530 : manuscrit des mines de Sainte-Marie-aux-Mines
premiers travaux de Gerar;1537-1538;1537-1538 : premiers travaux de Gerardus Mercator.
fondation de la manufactu;1546;1546 : fondation de la manufacture de tapisserie de Florence.
jardin botanique de Padou;1533;1533 : jardin botanique de Padoue.
traité d’agriculture de l;1539;1539 : traité d’agriculture de l'Espagnol Alonso Herrera.
La Pirotechnia de Vannocc;1540;1540 : La Pirotechnia de Vannoccio Biringuccio, traité de métallurgie. Création par Pierre Belon du jardin botanique de Touvoie près du Mans.
jardin botanique de Pise.;1543;1543 : jardin botanique de Pise.
ordonnance royale régissa;1544;1544 : ordonnance royale régissant les coupes dans les forêts françaises.
traité d’agriculture de l;1546;1546 : traité d’agriculture de l’Italien Luigi Alamanni
tréfilerie hydraulique du;Vers 1550;Vers 1550 : tréfilerie hydraulique du fer. Vers la standardisation des caractères d’imprimerie et de composition typographique.
armoire à deux portes, ch;Évolution du mobilier;Évolution du mobilier : armoire à deux portes, chaise à accoudoirs, Lit à colonnes.
invention de la lumière d;Vers 1550-1561;Vers 1550-1561 : invention de la lumière d’acier pour la mise à feu des canons.
le chariot sur rail 1er (;1550, mines de Leberthal en Alsace France;1550, mines de Leberthal en Alsace France : le chariot sur rail 1er (non motorisé).
premier brevet d’importat;1551;1551 : premier brevet d’importation en France donné au maître verrier Thesco Mutio.
De re metallica de Georgi;1556;1556 : De re metallica de Georgius Agricola, traité de mine et de métallurgie.
Jean Nicot introduit le t;Vers 1559-1561;Vers 1559-1561 : Jean Nicot introduit le tabac en France.
culture du haricot par Va;Vers 1560;Vers 1560 : culture du haricot par Valeriano à Belluno.
premier observatoire à dô;1561;1561 : premier observatoire à dôme tournant.
travaux de Bernard Paliss;1563-1589;1563-1589 : travaux de Bernard Palissy
traités de Benvenuto Cell;1565-1567;1565-1567 : traités de Benvenuto Cellini sur l’orfèvrerie et la sculpture.
suspension à ressorts des;1568;1568 : suspension à ressorts des caisses de voitures en Allemagne.
le premier Théâtre de mac;1569;1569 : le premier Théâtre de machines par Jacques Besson.
première mention du loch ;1577;1577 : première mention du loch en Angleterre.
premier brevet d’inventio;1581;1581 : premier brevet d’invention hollandais accordé à Galilée pour un « édifice à soulever les eaux et irriguer les terres ».
l’Atlas de Mercator.;1585-1590;1585-1590 : l’Atlas de Mercator.
théâtre de machines d’Ago;1588;1588 : théâtre de machines d’Agostino Ramelli.
invention du métier à tri;1589;1589 : invention du métier à tricoter les bas par William Lee.
ville neuve de Nancy par ;1596;1596 : ville neuve de Nancy par Hieronimo Citoni.
nouvelle citadelle d’Amie;1598;1598 : nouvelle citadelle d’Amiens par Jean Errard. Généralisation de l’avant-train mobile, bandages frettés à chaud sur les roues des voitures.
La Cueillette de la soie ;1599;1599 : La Cueillette de la soie par Olivier de Serres.
Théâtre d’agriculture d’O;1600;1600 : Théâtre d’agriculture d’Olivier de Serres. Simon Stevin construit un chariot à voile pour Maurice de Nassau.
fondation de la manufactu;1602;1602 : fondation de la manufacture des Gobelins.
métier à la barre de Van ;1604;1604 : métier à la barre de Van Sonnevelt, d’Hondschoote.
automates des grottes du ;Vers 1605;Vers 1605 : automates des grottes du Château-Neuf de Saint-Germain-en-Laye.
Wilhelm Schickard dessine;1623;1623 : Wilhelm Schickard dessine une machine à calculer qui restera inconnue jusqu'en 1957.
statut des monopoles angl;1624;1624 : statut des monopoles anglais, début du droit des brevets.
Le Théâtre de l’art du ch;1627;1627 : Le Théâtre de l’art du charpentier et La Fidelle ouverture de l’art du serrurier de Mathurin Jousse.
le service du cadastre en;1628;1628 : le service du cadastre en Suisse est chargé d’établir les plans des mines.
Théâtre de machine de Gio;1629;1629 : Théâtre de machine de Giovanni Branca (jouet à vapeur).
procédé Drebbel de teintu;1630;1630 : procédé Drebbel de teinture rouge pour la laine.
perfectionnement définiti;Vers 1630;Vers 1630 : perfectionnement définitif des armes à feu à pierre.
début des travaux de Vers;1631;1631 : début des travaux de Versailles.
établissement des premier;1633;1633 : établissement des premiers plans miniers en Saxe.
jardin des plantes de Par;1635;1635 : jardin des plantes de Paris.
nouveaux types de navires;1637-1638;1637-1638 : nouveaux types de navires avec la Sovereign of Sea de Phineas Pitt et la Coûronne.
traité de métallurgie de ;1640;1640 : traité de métallurgie de l’Espagnol Alvarez Alonso Barba.
Blaise Pascal invente la ;1642;1642 : Blaise Pascal invente la machine à calculer.
le baromètre inventé par ;1643;1643 : le baromètre inventé par Evangelista Torricelli.
machine pneumatique d’Ott;1651;1651 : machine pneumatique d’Otto von Guericke.
horloge cycloïdale de Chr;1657;1657 : horloge cycloïdale de Christiaan Huygens.
machine pneumatique de Ro;1659;1659 : machine pneumatique de Robert Boyle.
progression des technique;Vers 1660;Vers 1660 : progression des techniques du polissage du verre.
John Forster incite les f;1664;1664 : John Forster incite les fermiers anglais à cultiver la pomme de terre.
le Metallum Martis décrit;1665;1665 : le Metallum Martis décrit les travaux de Dudd Dudley sur la fabrication de la fonte.
fondation de la manufactu;1666;1666 : fondation de la manufacture du château de Madrid à Neuilly-sur-Seine par Jean Hindret pour le tissage des bas de soie. Première machine à combustion interne de Christiaan Huygens.
creusement du canal du Mi;1666-1681;1666-1681 : creusement du canal du Midi par Pierre-Paul Riquet.
L’Hydrographie du Père Fo;1667;1667 : L’Hydrographie du Père Fournier, premier grand traité sur la marine.
première machine de produ;1672;1672 : première machine de production continue d’électricité statique par Otto von Guericke.
L’Académie des Sciences e;1675. France;1675. France : L’Académie des Sciences est chargée d’élaborer un traité de mécanique et une description des arts. Jean Picard met au point le niveau à lunette. Régulateur à spirale pour les horloges de Huyghens.
Théorie de la constructio;1677;1677 : Théorie de la construction des vaisseaux du père Hoste.
machine à friser les drap;1678;1678 : machine à friser les draps à Troyes. Projet de métier à tisser mécanique de De Gennes.
le digesteur de Denis Pap;1679;1679 : le digesteur de Denis Papin.
construction de la machin;1681-1884;1681-1884 : construction de la machine élévatoire de Marly.
fondation de la manufactu;1685;1685 : fondation de la manufacture de Saint-Gobain.
machine à vapeur de Denis;1690;1690 : machine à vapeur de Denis Papin à Cassel. Création du Corps du Génie par Vauban.
ordonnance sur l’éclairag;1697;1697 : ordonnance sur l’éclairage public des villes de France.
machine à vapeur de Thoma;1698;1698 : machine à vapeur de Thomas Savery
traité de Vauban sur l’at;1704;1704 : traité de Vauban sur l’attaque et la défense des places.
première description d’un;1705;1705 : première description d’une lampe à décharge par Francis Hauksbee
machine atmosphérique à p;1707;1707 : machine atmosphérique à piston flottant de Denis Papin.
début de l’emploi du coke;1709;1709 : début de l’emploi du coke en sidérurgie.
premières « pompes à feu ;"1712 :
machine atmosphérique de Thomas Newcomen. Études de Réaumur sur les propriétés de l’acier.
Premiers essais et brevet de la machine à écrire d’Henry Mill.
machine à vapeur";"1712 :
machine atmosphérique de Thomas Newcomen. Études de Réaumur sur les propriétés de l’acier.
Premiers essais et brevet de la machine à écrire d’Henry Mill.
machine à vapeur : premières « pompes à feu » en France"
premières « pompes à feu ;machine à vapeur;machine à vapeur : premières « pompes à feu » en France
découverte et mise en app;1717-1734;1717-1734 : découverte et mise en application du bassin houiller d’Anzin.
le thermomètre au mercure;1718;1718 : le thermomètre au mercure par Gabriel Fahrenheit
cloche à plongeur de Hall;1721;1721 : cloche à plongeur de Halley.
fondation de l’École des ;1724;1724 : fondation de l’École des mines de Freiberg en Saxe.
métier à cartes perforées;1725;1725 : métier à cartes perforées en accordéon de Basile Bouchon.
encyclopédie de Chambers.;1728-1740;1728-1740 : encyclopédie de Chambers.
métier à tisser de Falcon;Vers 1728;Vers 1728 : métier à tisser de Falcon issu de celui de Basile Bouchon.
le sextant inventé indépe;1730;1730 : le sextant inventé indépendamment par deux personnes
traité d’agriculture de J;1731;1731 : traité d’agriculture de Jethro Tull.
machine à filer de John W;Vers 1733;Vers 1733 : machine à filer de John Wyatt et de Lewis Paul à Birmingham.
navette volante de John K;1735;1735 : navette volante de John Kay (industrie textile). Expansion de la fonte au coke.
navire à vapeur de Jonath;1736;1736 : navire à vapeur de Jonathan Hulls.
chronomètre de marine (H1;1737;1737 : chronomètre de marine (H1) de John Harrison
fabrication de l’acier au;Vers 1740-1750;Vers 1740-1750 : fabrication de l’acier au creuset par Benjamin Huntsman à Sheffield.
premier pont à bascule (à;1741;1741 : premier pont à bascule (à leviers composés) de John Wyatt à Birmingham.
premiers essais de Vaucan;1744;1744 : premiers essais de Vaucanson pour son métier à tisser la toile et le taffetas. John Kay introduit en France sa navette volante.
condenseur de Pieter van ;1746;1746 : condenseur de Pieter van Musschenbroek. Procédé Roebuck de production de l’acide sulfurique.
fondation de l’école des ;1747;1747 : fondation de l’école des ponts et chaussées à Paris par Daniel-Charles Trudaine. Extraction du sucre de betterave par Andreas Sigismund Marggraf.
amélioration du procédé D;1748;1748 : amélioration du procédé Darby de fonte au coke par sélection de minerais pauvres en phosphore. Daniel Bourn invente la machine à carder le coton.
invention de la Jenny.;1750;1750 : invention de la Jenny.
cylindres hollandais pour;Vers 1750;Vers 1750 : cylindres hollandais pour la fabrication du papier.
travaux d’Euler sur la th;1750-1770;1750-1770 : travaux d’Euler sur la théorie de diverses machines
machine à raboter le fer ;1751;1751 : machine à raboter le fer de Nicolas Focq à Maubeuge
L’Encyclopédie de Denis D;1751-1772;1751-1772 : L’Encyclopédie de Denis Diderot et Jean le Rond d'Alembert. John Holker introduit en France l’industrie du velours de coton.
le paratonnerre de Frankl;1752;1752 : le paratonnerre de Franklin.
école des mines italienne;1754;1754 : école des mines italienne.
Traité de la culture des ;1756;1756 : Traité de la culture des terres de Duhamel du Monceau adapté de l’œuvre de Jethro Tull.
ouverture de la voie ferr;1758-06-09;1758-06-09 : ouverture de la voie ferrée (à traction hippomobile) de la Middleton à Leeds.
création à Jouy-en-Josas ;1759;1759 : création à Jouy-en-Josas par Christophe-Philippe Oberkampf d’une manufacture d’impression d’indiennes.
construction du canal de ;1759-1761;1759-1761 : construction du canal de Worsley à Manchester.
traité de mécanique d’Eul;1760;1760 : traité de mécanique d’Euler.
efforts pour la culture d;Vers 1760;Vers 1760 : efforts pour la culture de la pomme de terre.
Robert Bakewell améliore ;1760-1795;1760-1795 : Robert Bakewell améliore le mouton dits « Dishley ».
début de la Description d;1761;1761 : début de la Description des Arts de l’Académie des Sciences.
travaux de Joseph Black s;Vers 1761;Vers 1761 : travaux de Joseph Black sur la chaleur latente. Adoption des rails en fonte aux usines de Coalbrookdale.
législation sur les breve;1762;1762 : législation sur les brevets en France.
fondation à Paris de l’éc;1763;1763 : fondation à Paris de l’école des constructeurs de navires.
invention de la Mule Jenn;1765;1765 : invention de la Mule Jenny de James Hargreaves. Première école vétérinaire ouverte à Lyon.
grand Trunk Canal de la M;1766-1767;1766-1767 : grand Trunk Canal de la Mersey au Trent.
le métier à tisser Water ;1767;1767 : le métier à tisser Water frame d’Arkwright.
Premiers brevets de James;1769;1769 : Premiers brevets de James Watt pour la machine à vapeur. Jars fait à Hayange les premiers essais de fonte au coke. Machine-fardier à vapeur de Cugnot
le tour à aléser de John ;1772;1772 : le tour à aléser de John Wilkinson.
découverte du chlore par ;1774;1774 : découverte du chlore par Scheele.
le pyroscaphe Claude Fran;1774;1774 : le pyroscaphe Claude François Jouffroy d'Abbans bateau à vapeur Saône
invention de la batteuse ;1775;1775 : invention de la batteuse à grains par l’Écossais Meilke.
premier chemin de fer pou;1776;1776 : premier chemin de fer pour le transport du charbon de la mine au canal. Projet de Bushnell aux États-Unis d’un sous-marin.
premier bateau en fer sur;1777;1777 : premier bateau en fer sur la Foss.
premier essai de bateau à;1778;1778 : premier essai de bateau à vapeur sur le Doubs par Jouffroy d'Abbans.
premier pont de fonte sur;1779;1779 : premier pont de fonte sur la Severn.
premières montgolfières.;Vers 1780;Vers 1780 : premières montgolfières.
Essais sur les machines e;1782;1782 : Essais sur les machines en général de Lazare Carnot.
fondation de l’usine du C;1782-1785;1782-1785 : fondation de l’usine du Creusot. Machine à double effet de James Watt, régulateur à boules, premier haut-fourneau au coke installé par William Wilkinson (première coulée de la fonte au coke le 11 décembre 1785).
mise au point de l’impres;1783;"1783 : mise au point de l’impression mécanique au rouleau des tissus par Thomas Bell. Fondation de l’école des mines de Paris. Forgeage au laminoir ; brevet deHenry Cort. Première ascension de Jean-François Pilâtre de Rozier. Essais de navigation à vapeur sur la Saône par Jouffroy d'Abbans."
montgolfière de Joseph et;1783-06-04 en France (Annonay);1783-06-04 en France (Annonay) : montgolfière de Joseph et Étienne Montgolfier
"Puddlage de la fonte ; br";1784;"1784 : Puddlage de la fonte ; brevet d'Henry Cort"
première voie ferrée en F;1785;1785 : première voie ferrée en France au Creusot.
Charpente en fer du théât;1786;1786 : Charpente en fer du théâtre de Bordeaux par Victor Louis. Introduction du mérinos à Rambouillet.
début de la construction ;1787;1787 : début de la construction navale en fer. Machine à tisser semi-automatique de Edmond Cartwright.
Les Différents États du f;1788;1788 : Les Différents États du fer par Berthollet, Monge et Alexandre-Théophile Vandermonde.
essais de navigation à va;1789-1798;1789-1798 : essais de navigation à vapeur de John Fitch sur le Delaware.
procédé Leblanc de la fab;1790;1790 : procédé Leblanc de la fabrication de la soude. Loi américaine sur les brevets. Essais de télégraphie optique de Chappe.
turbine à gaz de Barber.;1791;1791 : turbine à gaz de Barber.
le sémaphore des frères C;1791, France;1791, France : le sémaphore des frères Chappe, le premier message fut envoyé avec succès entre Paris et Lille
gaz d'éclairage par Willi;1792;1792 : gaz d'éclairage par William Murdoch. Première machine à peigner la laine de Edmond Cartwright.
Mise en place de la premi;1793;1793 : Mise en place de la première ligne de télégraphe optique entre Paris et Lille.
fondation du Conservatoir;1794;1794 : fondation du Conservatoire national des arts et métiers. Fondation de l’École polytechnique.
tour à fileter de Senot. ;1795;1795 : tour à fileter de Senot. Nicolas Appert invente le procédé de conserve alimentaire (appertisation).
premier saut en parachute;"1797 :
Edmond Cartwright invente un métal antifriction pour les pistons. Locomotive à vapeur sur route de Trevithick.
22 octobre 1797, Paris / parc Monceau";"1797 :
Edmond Cartwright invente un métal antifriction pour les pistons. Locomotive à vapeur sur route de Trevithick.
22 octobre 1797, Paris / parc Monceau : premier saut en parachute par André-Jacques Garnerin s’élance d’un ballon"
premier saut en parachute;22 octobre 1797, Paris / parc Monceau;22 octobre 1797, Paris / parc Monceau : premier saut en parachute par André-Jacques Garnerin s’élance d’un ballon
Tour à fileter de Henry M;1798;1798 : Tour à fileter de Henry Maudslay. Tour à fileter de David Wilkinson (en) (États-Unis). Machine continue à fabriquer le papier de Nicols-Louis Robert. Machine à égrener le coton de Whitney. Métier circulaire pour la bonneterie de Decroix.
procédé Lebon pour le gaz;1799;1799 : procédé Lebon pour le gaz d'éclairage.
Alessandro Volta publie s;1800;1800 : Alessandro Volta publie son invention de la pile. Semoir à socs articulés de James Smith. Tour à charioter et à surfacer de Henry Maudslay. Première usine de Dupont de Nemours aux États-Unis à Wilmington.
essais du Nautilus II de ;1801;1801 : essais du Nautilus II de Fulton à Brest.
"dépose du brevet de l’""ap";11 octobre 1802;"11 octobre 1802 : dépose du brevet de l’""appareil à parachute"""
Pont des Arts à Paris, pr;1801-1803;1801-1803 : Pont des Arts à Paris, premier pont en fer français.
mise au point des métiers;1801-1806;1801-1806 : mise au point des métiers Jacquard.
débuts des grands travaux;1802;1802 : débuts des grands travaux ordonnés par Napoléon Bonaparte. Canal de l'Ourcq et de Nantes à Brest., digue de Cherbourg, routes transalpines. Premier Haut-fourneau au coke en Allemagne à la Königshütte. Gaz installé à l'usine de Soho (en) par William Murdoch.
essais du premier bateau ;1803;1803 : essais du premier bateau à vapeur de Fulton sur la Seine.
machine d’Oliver Evans à ;1804;1804 : machine d’Oliver Evans à haute pression. Usine de conserve de Nicolas Appert.
premier train tracté par ;1804;1804 : premier train tracté par une locomotive à vapeur à la mine de Penn-y-Darren
recherches d’Isaac de Riv;1804-1814;1804-1814 : recherches d’Isaac de Rivals sur la propulsion par moteur à explosion.
École polytechnique de Pr;1806;1806 : École polytechnique de Prague. Esquisse de technologie générale de Beckmann.
fondation de l’usine de m;1807;1807 : fondation de l’usine de mécanique et de sidérurgie de Liège par William Cockerill.
débuts des recherches d’H;1809;1809 : débuts des recherches d’Humphrey Davy sur la production de l’aluminium par électrolyse de l’alumine. Le Phoenix premier bateau à vapeur et à roue de haute mer aux États-Unis.
fondation de l’usine de m;1810;1810 : fondation de l’usine de machines-outils de Henry Maudslay et Joshua Field en Angleterre. Machine mécanique à filer le lin et le chanvre de Philippe de Girard.
essor de la fabrication i;1810-1820;1810-1820 : essor de la fabrication industrielle de la soude artificielle.
machine compound d’Arthur;1811;1811 : machine compound d’Arthur Woolf. Extraction du sucre de betterave par Delessert. Service régulier sur l’Hudson du Chancellor Livingstone, vapeur de Robert Fulton. Coupole métallique de la halle au blé par François-Joseph Bélanger.
premier service régulier ;1812;1812 : premier service régulier assuré par une locomotive à vapeur sur la ligne de Middleton à Leeds.
première locomotive à vap;1814;1814 : première locomotive à vapeur de George Stephenson. Premier navire de guerre à vapeur, le Demologos de Fulton.
perfectionnement par Jame;1814-1847;1814-1847 : perfectionnement par James Fox d’un grand nombre de machines-outils.
début de la fabrication e;1815;1815 : début de la fabrication en série des pièces de fusil par Éli Whitney.
machine à peigner le lin ;1815-1818;1815-1818 : machine à peigner le lin de Philippe de Girard.
cylindre oscillant de Man;1815-1816;1815-1816 : cylindre oscillant de Manby et piston à segments de John Barton.
stabilisation en France d;1815-1830;1815-1830 : stabilisation en France des races boulonnaise et percheronne.
premières tondeuses à dra;1815-1835;1815-1835 : premières tondeuses à drap à lames hélicoïdales de John Collier (France).
lampe de sûreté pour les ;1816;1816 : lampe de sûreté pour les mines de Humphrey Davy. École polytechnique de Vienne. Traversée de la Manche par l’Elise bateau à vapeur à roue et à voiles. Invention du stéthoscope par le docteur René Laennec.
tour parallèle de Richard;1817;1817 : tour parallèle de Richard Roberts.
machine à fraiser d’Éli W;1818;1818 : machine à fraiser d’Éli Whitney. La « Draisienne » de Drais de Sauerbron.
école d’agriculture de Na;1819;1819 : école d’agriculture de Nancy de Mathieu de Dombasle. Tondeuse mécanique Samuel Dorr et Jonathan Ellis. Première traversée de l’Atlantique par le Savannah navire de bois à vapeur et à roues.
raboteuse de James Fox.;1820;1820 : raboteuse de James Fox.
formation du « Wheath Bel;Vers 1820;Vers 1820 : formation du « Wheath Belt » américain pour l’extension de la culture céréalière.
Mise en service entre Par;1822;1822 : Mise en service entre Paris et le Havre d’un navire à vapeur en fer.
expansion de la charrue d;1823;1823 : expansion de la charrue de Mathieu de Dombasle.
Réflexion sur la puissanc;1824;1824 : Réflexion sur la puissance motrice du feu par Sadi Carnot. La Caroline premier navire à vapeur français de haute mer. Premier pont suspendu de Marc Seguin à Tournon.
études de James Beaumont ;1824-1833;1824-1833 : études de James Beaumont Neilson sur le haut-fourneau à vent chaud.
adaptation en France de l;1825;1825 : adaptation en France de la race bovine anglaise « Durham ». Brabant double de Fondeur. Écoles polytechniques de Karlsruhe et de Varsovie.
première photographie réa;1826;1826 : première photographie réalisée par Joseph Nicéphore Niépce. machine-outil limeuse de James Nasmyth.
construction de la ligne ;1826-1830;1826-1830 : construction de la ligne de chemin de fer Liverpool-Manchester par Stephenson.
turbine hydraulique de Be;1827;1827 : turbine hydraulique de Benoît Fourneyron à Pont-sur-l'Ognon. Métier mécanique à tisser de Calla.
principe du moteur électr;1828;1828 : principe du moteur électrique fondé sur l’induction par Faraday.
travaux de Marc Seguin su;1828-1830;1828-1830 : travaux de Marc Seguin sur les chaudières tubulaires.
chaîne articulée d'André ;1829;1829 : chaîne articulée d'André Galle. École centrale des arts et manufactures à Paris. Éclairage public au gaz dans la rue de la Paix.
tour parallèle d’Étienne ;1830;1830 : tour parallèle d’Étienne Calla. Premier brevet de Barthélemy Thimonnier pour une machine à coudre.
locomotive à boggie de Jo;1831;1831 : locomotive à boggie de John Bloomfield Jervis aux États-Unis.
moissonneuse de Cyrus McC;1831-1834;1831-1834 : moissonneuse de Cyrus McCormick.
premier brevet de Frédéri;1832;1832 : premier brevet de Frédéric Sauvage pour une hélice à un filet et une seule spire. Hippolyte Pixii construit la première machine à courant induit.
première cage d’extractio;1833;1833 : première cage d’extraction minière au Pays de Galles par T.Y Hall.
essais de télégraphe élec;Vers 1833;Vers 1833 : essais de télégraphe électromagnétique de Gauss et Weber.
moissonneuses d’Obed Huss;1833-1850;1833-1850 : moissonneuses d’Obed Hussey.
mémoire de Jacobi sur l’a;1834;1834 : mémoire de Jacobi sur l’application de l’électromagnétisme aux machines. Début du réseau ferroviaire belge.
turbine hydraulique de 10;1835;1835 : turbine hydraulique de 108 m de chute en Forêt Noire. Machine à raboter de Joseph Whitworth. Machine à détente variable de Marie-Joseph Farcot.
début en France de la fab;Vers 1835;Vers 1835 : début en France de la fabrication en série des gants et des chaussures.
construction du chemin de;1835-1837;1835-1837 : construction du chemin de fer Paris-Saint-Germain.
perfectionnement des mach;1835-1875;1835-1875 : perfectionnement des machines textiles par André Koechlin.
brevet de Charles Dietz p;1836;1836 : brevet de Charles Dietz pour une voiture à vapeur.
Frédéric Sauvage élabore ;1836-1837;1836-1837 : Frédéric Sauvage élabore l’hélice à pales.
soc de charrue en acier a;1837;1837 : soc de charrue en acier aux États-Unis. Samuel Morse montre son télégraphe à New York.
cuvelage métallique des p;1838;1838 : cuvelage métallique des puits de mines par le Français Jacques Triger. Foulage mécanique de la laine (G.B). Traversée de l’Atlantique sans voile par le Sirius (États-Unis) et Great Western (GB).
un daguerréotype, le prem;1839 en France;1839 en France : un daguerréotype, le premier appareil photo commercialisé, a été fabriqué par les frères Susse.
tour vertical (raboteuse ;1839;1839 : tour vertical (raboteuse circulaire) de Johann-Georg Bodmer.
travaux de Bourdon au Cre;1839-1841;1839-1841 : travaux de Bourdon au Creusot sur le marteau-pilon de forge.
début de l’automatisation;1840;1840 : début de l’automatisation des machines-outils.
brevets de François Bourd;1841-1842;1841-1842 : brevets de François Bourdon et de James Nasmyth pour le marteau-pilon de forge.
grande loi française sur ;1842;1842 : grande loi française sur les chemins de fer.
station expérimentale d’a;1843;1843 : station expérimentale d’agriculture à Rothamsted. Première machine à mortier de Roger. Premiers signaux fixes.
machines-outils de Pierre;1843-1861;1843-1861 : machines-outils de Pierre Decoster.
turbine de Uriah Boyden. ;1844;1844 : turbine de Uriah Boyden. Peigneuse de laine de Josué Heilmann. Inauguration officielle aux États-Unis du télégraphe de Samuel Morse. Nouvelle loi française des brevets.
sonde hydraulique de Pier;1845;1845 : sonde hydraulique de Pierre Pascal Fauvelle pour le forage du sol. Cardeuse de coton à chapeaux chaînés de Josué Heilmann. Le Great Britain,  navire en fer et à hélice d’Isambard Kingdom Brunel, traverse l’Atlantique en quatorze jours.
étau limeur de Pierre Dec;1846;1846 : étau limeur de Pierre Decoster. Le coton-poudre le Schönbein. Machine à coudre d’Elias Howe.
découverte du bassin houi;1847;1847 : découverte du bassin houiller du Pas-de-Calais.
essais de Joseph Monier p;1848-1850;1848-1850 : essais de Joseph Monier pour armer le béton.
machine électromagnétique;1849;1849 : machine électromagnétique de Hyde Clarke. Canal maritime de Manchester.
photographie astronomique;Vers 1850;Vers 1850 : photographie astronomique par daguerréotype.
câble sous-marin Douvres-;1850;1850 : câble sous-marin Douvres-Calais. Lancement du Napoléon de Henri Dupuy de Lôme, vaisseau de guerre à vapeur.
mise au point des silos à;1850-1860;1850-1860 : mise au point des silos à grains. Emploi du guano comme engrais en agriculture.
première exposition unive;1851;1851 : première exposition universelle de Londres. Machines à coudre d’Isaac Merritt Singer et de Allen B. Wilson aux États-Unis. Crystal Palace à Londres. Canon en acier de Krupp Ag.
premiers ballons dirigeab;1851-1852;1851-1852 : premiers ballons dirigeables de Pierre Célestin Arnauld et de Henri Giffard.
travaux de William Gossag;1851-1853;1851-1853 : travaux de William Gossage sur le chlore
travaux de Wheatstone sur;1851-1860;1851-1860 : travaux de Wheatstone sur la machine à écrire.
François Coignet construi;1852;1852 : François Coignet construit une maison en béton à Saint-Denis. Ascenseur hydraulique aux États-Unis.
technique du blindage des;1854;1854 : technique du blindage des navires de guerre. Première filature à Bombay.
les halles de Baltard à P;1854-1858;1854-1858 : les halles de Baltard à Paris.
études du canal de Suez. ;1855;1855 : études du canal de Suez. Exposition universelle de Paris. James Bichens Francis publie Lowell Hydraulic Experiments
convertisseur Bessemer po;1855-1856;1855-1856 : convertisseur Bessemer pour la transformation de la fonte en acier.
système Charles Viguier d;1855-1867;1855-1867 : système Charles Viguier de commande et de sécurité des aiguillages ferroviaires.
découverte de l’aniline p;1856;1856 : découverte de l’aniline par Perkin
papier toilette par Josep;1857;1857 : papier toilette par Joseph Gayetty
utilisation des phosphate;1857;1857 : utilisation des phosphates de Wissant comme engrais. Diffusion de l’emploi du papier à pâte de bois. Dirigeable de Le Bris.
premier haut fourneau au ;1858;1858 : premier haut fourneau au Japon. Marteau-piqueur à air comprimé de Germain Sommeiller pour le tunnel ferroviaire du Mont-Cenis.
le premier puits de pétro;1859;1859 : le premier puits de pétrole aux États-Unis à Titusville foré par Drake. Travaux de G. Westinghouse sur le frein à air comprimé.
moteur à gaz de Jean-Jose;1860;1860 : moteur à gaz de Jean-Joseph Étienne Lenoir. Brevet Hugon pour un moteur à deux temps. Le premier accumulateur de Gaston Planté. Premiers appareils Cowper d’épuration des gaz de hauts fourneaux. Réfrigération à ammoniac de Carre.
métro de Londres.;1860-1864;1860-1864 : métro de Londres.
vélocipède à pédale de Mi;1861;1861 : vélocipède à pédale de Michaux. Massachusetts Institute of Technology. Le Scotia dernier navire à roue de la Compagnie Cunard.
reportages photographique;1861-1865;1861-1865 : reportages photographiques de Mathew Brady pendant la guerre de Sécession.
moteur à quatre cylindres;1862;1862 : moteur à quatre cylindres d’Otto. Définition du cycle quatre temps par Beau de Rochas. Fraiseuse universelle de Brown et Sharpe. Tour semi-automatique à tourelle revolver de Hartness.
mise au point de la fabri;1863-1864;1863-1864 : mise au point de la fabrication de la pâte à papier au bois d’Aristide Bergès.
rotative de Hippolyte Mar;1863-1866;1863-1866 : rotative de Hippolyte Marinoni pour l’impression continue.
locomotive française à es;1864;1864 : locomotive française à essieux couplés.
mise au point du four d’a;1864-1865;1864-1865 : mise au point du four d’aciérie Martin.
brevet de Pasteur pour la;1865;1865 : brevet de Pasteur pour la conservation des vins. Mise au point des premiers frigorifiques. Le vélocipède d’Ernest Michaux.
machine dynamo électrique;1866;1866 : machine dynamo électrique de Werner Siemens. Procédé Solvay de la fabrication de la soude à l’ammoniac. Premier câble télégraphique transatlantique.
découverte de la dynamite;1867;1867 : découverte de la dynamite par Nobel. Fabrication des premiers aciers spéciaux par Henri Aimé Brustlein chez Holtzer. Le frein Westinghouse. Première filature de coton au Japon. Apparition de la bicyclette. Le béton armé de Joseph Monier.
four à régénération de ch;1868;1868 : four à régénération de chaleur par le gaz de Friederich et William Siemens. Fabrication du celluloïd, première matière synthétique, par John Wesley Hyatt.
brevet définitif de Zénob;1869;1869 : brevet définitif de Zénobe Gramme
début de la fabrication d;1870;1870 : début de la fabrication des superphosphates. Création au Japon d’un ministère de l’Industrie.
premières microscopies de;1870-1871;1870-1871 : premières microscopies de journaux et cartes en France.
brevet de Pasteur pour la;1871;1871 : brevet de Pasteur pour la conservation de la bière. Dynamo électrique de Zénobe Gramme.
usine de Giovanni Battist;1872;1872 : usine de Giovanni Battista Pirelli à Milan pour le traitement du caoutchouc. Premier chemin de fer au Japon. Mise en service du crocodile, appareil de signalisation sonore, fixé entre les rails.
moteur à quatre temps de ;1872-1873;1872-1873 : moteur à quatre temps de Christian Reithmann. Aérostat dirigeable Dupuy de Lôme de Dupuy de Lôme et Gustave Zédé. L’Obéissante, voiture automobile d’Amédée Bollée.
Hippolyte Fontaine;1873;1873 : Hippolyte Fontaine
découverte de l’éosine pa;1874;1874 : découverte de l’éosine par Caro. Machine à tailler les engrenages coniques d'Elliott Gleason. Machine à affûter les fraises de Frédéric Guillaume Kreutzberger. Fondation de l’Union générale des postes à Berne.
dynamo industrielle de Zé;1875;1875 : dynamo industrielle de Zénobe Gramme. Mise au point de la fabrication du ferromanganèse par Alexandre Pourcel.
marteau-pilon de 100 tonn;1876;1876 : marteau-pilon de 100 tonnes. Procédé Thomas-Gilchrist pour la fabrication de l’acier partir des fontes phosphoreuses à la cornue Henry Bessemer. Machine à rectifier universelle de David Brown et Lucien Sharp. Machine à écrire de Philo Remington. Premier transport de viande réfrigérée entre Buenos Aires et Rouen. Invention du téléphone par Graham Bell. Dépôt du brevet de l'aéroplane d'Alphonse Pénaud et Paul Gauchot.
moteur à quatre temps de ;1876-1877;1876-1877 : moteur à quatre temps de Gottlieb Daimler, Nikolaus Otto et Wilhelm Maybach.
fabrication des ferrochro;1877;1877 : fabrication des ferrochromes par Jean-Baptiste Boussingault et Henri Aimé Brustlein. Procédé théorique de télévision énoncé par Constantin Senlecq. Phonographe à cylindre de Thomas Edison.
locomotive compound d’Ana;1878;1878 : locomotive compound d’Anatole Mallet. Généralisation du procédé photographique au gélatinobromure. La Mancelle voiture d’Amédée Bollée.
synthèse de l’indigo par ;1879;1879 : synthèse de l’indigo par Johann Friedrich Wilhelm Adolf von Baeyer. Brevet d’un four électrique par Siemens. Première convention internationale sur l’exploitation des brevets. Locomotive électrique pour les transports urbains à Berlin. Lampe à incandescence de Thomas Edison.
premières tentatives de f;1880;1880 : premières tentatives de forage de puits de pétrole en mer à partir de la côte californienne. Machine électrique de R. Voss. Invention du cubilot par Rollet. Train électrique de Thomas Edison à Menlo Park. Début du percement du canal de Panama. Ascenseur électrique de Siemens.
la Rapide voiture d’Amédé;1881;1881 : la Rapide voiture d’Amédée Bollée.
turbine à conduite forcée;1882;1882 : turbine à conduite forcée d'Aristide Bergès à Lancey. Tour à détalonner de Julius Eduard Reinecker. Éclairage électrique des rues de New York.
viaduc de Garabit de Gust;1882-1889;1882-1889 : viaduc de Garabit de Gustave Eiffel.
premiers essais de transm;1883;1883 : premiers essais de transmission de l’énergie hydraulique entre Creil et Paris par Marcel Desprez. Mise au point du laiton de fer par Alexander Dick. Convention internationale de Paris pour la protection de la propriété industrielle. Mitrailleuse automatique de Hiram Maxim aux États-Unis.
Gaulard met au point un t;1884;1884 : Gaulard met au point un transformateur électrique et crée à Bellegarde (Gard) la première centrale électrique. Turbine à vapeur de Charles Algernon Parsons. Travaux de Le Chatelier sur le fonctionnement des hauts fourneaux. Découverte de la mélinite par Eugène Turpin. Découverte de la soie artificielle (viscose) par Hilaire de Chardonnet. Première pellicule photographique sur rouleau de G. Eastman. Gratte-ciel à charpente métallique aux États-Unis.
procédé Fernand Forest d’;1885;1885 : procédé Fernand Forest d’allumage du moteur par magnéto. Four à induction à noyau de l’Italien Sevastian Zani de Ferranti. Floris Osmond commence à employer la métallographie microscopique. Projet Claude Goubet de sous-marin. Première lignes de chemin de fer au Sénégal et au Cambodge. Essais de signalisation électrique sur voies ferrées. Bateau à moteur électrique de Gottlieb Daimler. Bec à toile incandescente à gaz d’Auer.
première arracheuse de be;1886;1886 : première arracheuse de betterave d’A. Bajac. Méthode thermo-électrique de Le Chatelier pour la mesure des hautes températures. Premier four à arc dePaul Héroult. Charles Martin Hall et Paul Héroult inventent la production d’aluminium par électrolyse. Linotype d'Ottmar Mergenthaler aux États-Unis. Machine à souffler le verre.
locomotive électrique au ;1887;1887 : locomotive électrique au métro de Londres.
la Tour Eiffel.;1887-1889;1887-1889 : la Tour Eiffel.
premières voitures automo;1887-1890;1887-1890 : premières voitures automobiles Peugeot.
George Eastman met au poi;1888;1888 : George Eastman met au point l’appareil photographique « Kodak ».
abolition en France du dr;1889;1889 : abolition en France du droit de vaine pâture. Les ferro-nickels au Creusot. Sir Robert Abbott Hadfield met au point à Sheffield des aciers spéciaux au manganèse et au silicium. Phonographe et cylindre de cire de Thomas Edison. Premières communications sans fil par Guglielmo Marconi à travers la Manche.
turbine à vapeur de Carl ;1890;1890 : turbine à vapeur de Carl Gustaf Patrik de Laval. Machine à tailler les engrenages droits de Edwin R. Fellows (en). Cohéreur de Branly. Décollage de Clément Ader sur l’Éole. Véhicule à vapeur à trois roues de Serpollet. Machines à statistique de Herman Hollerith.
première tentative de vol;1891;1891 : première tentative de vol plané de Lilienthal. Premiers pneus démontables de Michelin.
tracteurs agricoles à mot;1892;1892 : tracteurs agricoles à moteur à essence aux États-Unis. Four à arc d’Henri Moissan. Carbure de calcium. Premier train continu à tôle à Teplitz. Le Murex, tanker à pétrole en vrac, franchit le canal de Suez. Gustave Hermite et Georges Besançon lancent un ballon-sonde adapté aux observations météorologiques.
Invention du Conimètre, i;1892;1892 : Invention du Conimètre, instrument scientifique de détection de particules en suspension dans l'atmosphère
débuts des recherches de ;1893;1893 : débuts des recherches de Henri Aimé Brustlein à Unieux sur les aciers à coupe rapide. Construction d’un planeur par Lilienthal.
Rudolph Diesel met au poi;1893-1897;1893-1897 : Rudolph Diesel met au point son premier moteur. Premiers films de Thomas Edison et de Louis Lumière (photos fixes en bandes).
travaux sur les électrons;1895;1895 : travaux sur les électrons de Lorentz et de Jean Perrin. Découverte des rayons X par Wilhelm Röntgen. Procédé de liquéfaction de l’air par Carl von Linde.
découverte de la radioact;1896;1896 : découverte de la radioactivité par Henri Becquerel. Turbine à vapeur de Charles Gordon Curtis.
mise au point des aciers ;1897;1897 : mise au point des aciers invar et élinvar. Premiers plastiques caséiniques. Invention de la galalithe. Retransmission sans fil de Édouard Branly et de Guglielmo Marconi.
four à arc de P. Girod et;1898;1898 : four à arc de P. Girod et de l’Italien Ernesto Stassano. Premier salon de l'automobile à Paris.
fours Talbot à production;1899;1899 : fours Talbot à production continue d’acier aux États-Unis et en Angleterre. Production industrielle de l’aspirine par la firme Bayer. Boîte de vitesses à prise directe de Louis Renault.
Four électrique à acier d;1900;1900 : Four électrique à acier de Paul Heroult. La monotype, nouvelle machine à composer. Généralisation du procédé de reproduction en simili-gravure. Réalisation du premier dirigeable rigide par le comte von Zeppelin.
la lampe néon par Georges;1902;1902 : la lampe néon par Georges Claude. Invention de la bakélite par Léo Hendrik Baekeland. Première tentative de mise en scène cinématographique avec « Le Voyage dans la Lune » de Georges Méliès
John Fleming réalise un d;1902-1904;1902-1904 : John Fleming réalise un détecteur thermoionique ancêtre des diodes
Planeur d’Octave Chanute;Vers 1903;Vers 1903 : Planeur d’Octave Chanute
Fabrication industrielle ;1903;1903 : Fabrication industrielle de la soie artificielle (viscose) par C. H. Stearn et F. Topham. L’électrocardiographe par Willem Einthoven. Premier décollage du biplan des frères Wright. Louis Sautter et Emile Harlé équipe les péniches en moteur Diesel
Reprise par les Américain;1904-1913;1904-1913 : Reprise par les Américains des travaux de percement de l’isthme de Panama
Mise au point de la cello;1905;1905 : Mise au point de la cellophane. Mise au point définitive de la fermeture-éclair par Whitcomb Judson. Invention de la cellule photoélectrique. Démarreur électrique d’automobile par Pierre Bossu
Première turbine à gaz de;1906;1906 : Première turbine à gaz de Henry Holzwarth. Mise au point définitive par Frederick Winslow Taylor et Maunsel White des aciers à coupe rapide. Lee de Forest invente la triode « Audion », lampe à trois électrodes, premier tube électronique.
le bélinographe, procédé ;1907;1907 : le bélinographe, procédé photo-télégraphique d’Édouard Belin. Machine automatique pour fabriquer les bouteilles. Lampe au tungstène. L’hélicoptère Paul Cornu, France réalise le décollage verticale de quelques mètres le 13 novembre 1907. Le premier kilomètre en circuit fermé est réalisé le 4 mai 1924 par Étienne Œhmichen un technicien de Peugeot.
Vols de Wilbur Wright. Le;1908;1908 : Vols de Wilbur Wright. Le design avion Raymond Loewy créateur de l’esthétique industrielle - Design du logo de Lucky Strike issu du mot français dessein
Alfred Wilm met au point ;1908-1920;1908-1920 : Alfred Wilm met au point le duralumin à Düren.
Louis Blériot traverse la;1909;1909 : Louis Blériot traverse la Manche
La tolite (T.N.T). Mise a;1910;1910 : La tolite (T.N.T). Mise au point des procédés d’impression par héliogravure en offset. Le « chronophone » d'Arsène d'Arsonval. Premiers travaux de Vladimir Kosma Zworykin sur une méthode de télévision électronique
le tube néon par Georges ;1911;1911 : le tube néon par Georges Claude. Hydroplane de Curtis. Biplan des Voisin
le statoréacteur René Lor;1913;1913 : le statoréacteur René Lorin. Ur-Leica, premier appareil photographique format 24x36 mm
Lampe au tungstène, catho;1914;1914 : Lampe au tungstène, cathodes à oxydes métalliques
Mise au point de la const;1916;1916 : Mise au point de la construction des tanks en Angleterre. Émissions radio à travers l’Atlantique
Première convention inter;1919;1919 : Première convention internationale des transports aériens
Perfectionnement de l’enr;1920;1920 : Perfectionnement de l’enregistrement du son. Carrosserie automobile en tôle emboutie aux États-Unis.
Études de projet d’usine ;1919-1923;1919-1923 : Études de projet d’usine marémotrice en Angleterre.
le vaccin antituberculeux;1921;1921 : le vaccin antituberculeux ou BCG Albert Calmette et Camille Guérin
Premier dispositif de tél;1923;1923 : Premier dispositif de télévision entièrement électronique de Vladimir Kosma Zworykin. Expédition Citroën au Sahara
Procédé de laminage conti;1924;1924 : Procédé de laminage continu à chaud. Synthèse de la vitamine D. N. Levison
le pangrafic de Charles D;1925, France;1925, France : le pangrafic de Charles Dévé, appareil de réduction microscopique permettant de graver de petites marques de contrôle sur des pièces optiques
Premiers essais de photog;1925-1935;1925-1935 : Premiers essais de photographie en couleurs
la télévision. La télévis;1926;1926 : la télévision. La télévision en couleur arrive en France en 1967
Caoutchouc synthétique (B;1927;1927 : Caoutchouc synthétique (Buna). Charles Lindbergh traverse l’Océan Atlantique
3 septembre;1928;1928 : 3 septembre
Lampe penthode. Premier p;1929;1929 : Lampe penthode. Premier programme expérimental de télévision en Angleterre.
le nylon par Wallace Caro;1935;1935 : le nylon par Wallace Carothers
le coronographe par Berna;1930;1930 : le coronographe par Bernard Lyot. Invention du cracking catalytique du pétrole par Eugène Houdry. Disque à enregistrement direct dit « disque souple ». Traversée de l’Atlantique par Coste et Bellonte. Début de l’Aéropostale. Premières locomotives Diesel électrique aux États-Unis
Suppression du haubannage;1931;1931 : Suppression du haubannage pour les avions. Premières « michelines ». Ballon stratosphérique d’Auguste Piccard
Ernest Orlando Lawrence e;1932;1932 : Ernest Orlando Lawrence et Livingstone réalisent le premier cyclotron aux États-Unis
Procédé d’affinage Ugine-;1933;1933 : Procédé d’affinage Ugine-Perrin. Polymérisation de l’éthylène
la radioactivité artifici;1934;1934 : la radioactivité artificielle Irène et Frédéric Joliot-Curie
le radar les « radars » à;1934;1934 : le radar les « radars » à ondes décimétriques Nikola Tesla France brevet français et 1935 inventeur officiel Robert Watson-Watt Brevet anglais. Mise au point chez Citroën de la traction avant automobile
le stylo à bille par Lász;1938;1938 : le stylo à bille par László Biró- le Procédé de fabrication industrielle des stylos à bille 1953 Marcel Bich
Le velcro par Georges de ;1941;1941 : Le velcro par Georges de Mestral
la spectroscopie par RMN ;1946;1946 : la spectroscopie par RMN découverte de façon indépendante par deux équipes américaines
le four à micro-ondes, Pe;1946;1946 : le four à micro-ondes, Percy Spencer pour Raytheon c’est en fait basé sur un magnétrons
l’électronique, le transi;1947;1947 : l’électronique, le transistor
l’avion à stato-réacteur ;1949;1949 : l’avion à stato-réacteur René Leduc
le maser États-Unis;1953;1953 : le maser États-Unis
le vaccin contre la polio;1954;1954 : le vaccin contre la poliomyélite Pierre Lépine et Jonas Edward Salk
le premier satellite arti;1957;1957 : le premier satellite artificiel Spoutnik I fut lancé par les soviétiques en 1957 - le premier satellite météorologique TIROS-1 fut lancé le 1er avril 1960 :
la Caravelle avion (les m;1960;1960 : la Caravelle avion (les moteurs sont placés à l’arrière du fuselage).
le laser, le physicien am;1960;1960 : le laser, le physicien américain Théodore Maiman (théorie Einstein 1917)
la pilule contraceptivepa;1960;1960 : la pilule contraceptivepar Gregory Pincus - La pilule est autorisée en France en 1967.
la LED ou diode à spectre;1962;1962 : la LED ou diode à spectre visible, Nick Holonyak Jr.
l’écran à cristaux liquid;1964;1964 : l’écran à cristaux liquides par George Helmeier
Neil Armstrong est le pre;1969;1969 : Neil Armstrong est le premier homme à poser le pied sur la lune (21 juillet 1969)
le code barre première ap;1974;1974 : le code barre première application du laser
la carte à puce par Rolan;1974;1974 : la carte à puce par Roland Moreno
le vaccin contre l’hépati;1975;1975 : le vaccin contre l’hépatite B par Philippe Maupas
mise en service du TGV en;1981 - 27 septembre;1981 - 27 septembre : mise en service du TGV entre Paris et Lyon France. Vitesse de croisière à la mise en service 260 km/h - Record mars-avril 2007 574,8 km/h.
le PC IBM;1981;1981 : le PC IBM
la pilule abortive RU486 ;1988;1988 : la pilule abortive RU486 Étienne-Émile Baulieu France
le www du web Tim Berners;1990;1990 : le www du web Tim Berners-Lee proposition au CERN 1989 Robert Cailliau 1er serveur web CERN
L’encyclopédie en ligne e;2000;2000 : L’encyclopédie en ligne et gratuite nommée Nupédia est fondée par Jimmy Wales en mars. L’encyclopédie à participation publique sans comité scientifique nommée Wikipédia sous le principe technologique du wiki est née en janvier 2001. De nombreuses personnes souvent anonymes en assurent l’évolution et l’administration. L’idée d’une encyclopédie libre et universelle avait été lancée par Richard Stallman en 1999.
préparation et présentati;Cinéma numérique;Cinéma numérique : préparation et présentation, le 29 octobre 2001, de la première transmission de cinéma numérique par satellite en Europe d'un long métrage cinématographique par Bernard Pauchon et Philippe Binant.
fabrication industrielle ;2007;2007 : fabrication industrielle de processeurs et ordinateurs avec la gravure de transistors de 45 nm développés à base de silicate d’hafnium. Ce matériau est développé depuis 6 ans. Il y a 10 ans les transistors mesuraient 250 nm environ. Ceci respecte la loi Moore et double quasiment la capacité des microprocesseurs.
Sharp dépose 6 brevets su;2007;2007 : Sharp dépose 6 brevets sur le premier plastique semi-végétal recyclable[15].
les gravures de Qurta dat;↑ « la préhistoire en Egypte;↑ « la préhistoire en Egypte : les gravures de Qurta datées de 15 000 ans ! | Pharaon Magazine », sur www.pharaon-magazine.fr (consulté le 27 juin 2017).
macheurs de chewing-gum, ;↑ « Irlande;↑ « Irlande : macheurs de chewing-gum, pollueurs-payeurs ! », sur www.novethic.fr (consulté le 19 décembre 2017)
les textes sont disponibl;Droit d'auteur;"Droit d'auteur : les textes sont disponibles sous licence Creative Commons attribution, partage dans les mêmes conditions ; d’autres conditions peuvent s’appliquer. Voyez les conditions d’utilisation pour plus de détails, ainsi que les crédits graphiques. En cas de réutilisation des textes de cette page, voyez comment citer les auteurs et mentionner la licence.
Wikipedia® est une marque déposée de la Wikimedia Foundation, Inc., organisation de bienfaisance régie par le paragraphe 501(c)(3) du code fiscal des États-Unis."
